Title,Price,Location,Date,Company,Link
Detachedhouse,"£1,000 pcm","Birling Road, Erith",Added on 20/11/2018,"by Harpers & Co, Bexley",https://www.rightmove.co.uk//property-to-rent/property-68634529.html
Property,"£1,042 pcm","RETAIL PREMISES IN ALBERT ROAD, BELVEDERE TO LET",Added on 14/11/2019,"by Hummerstone & Hawkins, Welling",https://www.rightmove.co.uk//property-to-rent/property-86621906.html
3bedroomsemi-detachedhouse,"£1,200 pcm","Broom Mead, Bexleyheath",Added on 14/12/2019,"by Parris Residential, Bexleyheath",https://www.rightmove.co.uk//property-to-rent/property-67065687.html
2bedroomterracedhouse,"£1,200 pcm","Rowan Road, Bexleyheath",Added yesterday,"by Parris Residential, Bexleyheath",https://www.rightmove.co.uk//property-to-rent/property-67309167.html
2bedroomsemi-detachedhouse,"£1,250 pcm","Grosvenor Road, Belvedere, DA17",Added on 04/12/2019,"by OpenRent, London",https://www.rightmove.co.uk//property-to-rent/property-76421398.html
3bedroomterracedhouse,"£1,250 pcm","Byron Drive, Erith, Kent",Reduced on 02/12/2019,"by Sealeys Estate Agents, Gravesend",https://www.rightmove.co.uk//property-to-rent/property-71678173.html
2bedroomsemi-detachedhouse,"£1,250 pcm","Rowan Road, Bexleyheath",Reduced on 24/10/2019,"by Chattertons, New Eltham",https://www.rightmove.co.uk//property-to-rent/property-65345421.html
2bedroomendofterracehouse,"£1,250 pcm","Bourne Rd , Bexley , DA5 1LU",Added on 23/12/2019,"by Hunters, Dartford",https://www.rightmove.co.uk//property-to-rent/property-76354966.html
2bedroomterracedhouse,"£1,275 pcm","Banks Lane, Bexleyheath, DA6",Added on 05/12/2019,"by Your Move , Bexleyheath",https://www.rightmove.co.uk//property-to-rent/property-66849759.html
2bedroomterracedhouse,"£1,275 pcm",Banks Lane Bexleyheath DA6,Added on 09/12/2019,"by Acorn, Bexleyheath",https://www.rightmove.co.uk//property-to-rent/property-66920454.html
3bedroomsemi-detachedhouse,"£1,300 pcm","Porthkerry Avenue, Welling, Kent, DA16",Added on 23/12/2019,"by Anthony James, South East",https://www.rightmove.co.uk//property-to-rent/property-67229478.html
3bedroomtownhouse,"£1,350 pcm","Dickens Close, Erith, Kent, DA8",Added on 09/12/2019,"by Robinson Jackson, Dartford Lettings",https://www.rightmove.co.uk//property-to-rent/property-87329645.html
3bedroomsemi-detachedhouse,"£1,350 pcm","Woodlands Road, Bexleyheath, Kent, DA7",Added on 21/12/2019,"by The Online Letting Agents Ltd, Bury St Edmunds",https://www.rightmove.co.uk//property-to-rent/property-76319794.html
3bedroomsemi-detachedhouse,"£1,400 pcm","Riverdale Road, Erith, DA8",Added on 26/12/2019,"by OpenRent, London",https://www.rightmove.co.uk//property-to-rent/property-76401115.html
3bedroomsemi-detachedhouse,"£1,400 pcm","Springfield Road, Bexleyheath",Added on 16/12/2019,"by Parris Residential, Bexleyheath",https://www.rightmove.co.uk//property-to-rent/property-67089879.html
3bedroomsemi-detachedhouse,"£1,450 pcm","Bedonwell Road, Bexleyheath",Added on 25/11/2019,"by Park Estates, Bexley",https://www.rightmove.co.uk//property-to-rent/property-66615501.html
3bedroomterracedhouse,"£1,450 pcm","Regency Way, Bexleyheath",Added on 21/12/2019,"by Parris Residential, Bexleyheath",https://www.rightmove.co.uk//property-to-rent/property-67205937.html
3bedroomterracedhouse,"£1,500 pcm","Church Road, Erith, Kent, DA8",Added on 18/12/2019,"by Robinson Jackson, Dartford Lettings",https://www.rightmove.co.uk//property-to-rent/property-87588602.html
3bedroomsemi-detachedhouse,"£1,500 pcm","Swanton Road, Erith, DA8",Added on 17/12/2019,"by Key Property Consultants, Penge",https://www.rightmove.co.uk//property-to-rent/property-87560870.html
4bedroomsemi-detachedhouse,"£1,500 pcm","Church Road, Bexleyheath, Kent, DA7",Added on 19/12/2019,"by The Online Letting Agents Ltd, Bury St Edmunds",https://www.rightmove.co.uk//property-to-rent/property-76273771.html
4bedroomtownhouse,"£1,600 pcm","Trinity Place, Bexleyheath, DA6 7AY",Reduced on 14/12/2019,"by Hunters, Bexleyheath",https://www.rightmove.co.uk//property-to-rent/property-76011733.html
3bedroomendofterracehouse,"£1,650 pcm","Storer Drive, Welling, DA16",Added on 29/11/2019,"by OpenRent, London",https://www.rightmove.co.uk//property-to-rent/property-75891100.html
3bedroomsemi-detachedhouse,"£1,700 pcm",Langdale Crescent Bexleyheath DA7,Reduced on 12/12/2019,"by Wards - Lettings, Dartford - Lettings",https://www.rightmove.co.uk//property-to-rent/property-66481116.html
4bedroomsemi-detachedhouse,"£1,750 pcm","Wrotham Road, Welling",Added on 17/12/2019,"by Anthony Martin Estate Agents, Bexleyheath",https://www.rightmove.co.uk//property-to-rent/property-76235347.html
Property,"","","","",https://www.rightmove.co.uk/
Detachedhouse,"£1,000 pcm","Birling Road, Erith",Added on 20/11/2018,"by Harpers & Co, Bexley",https://www.rightmove.co.uk//property-to-rent/property-68634529.html
Property,"£1,042 pcm","RETAIL PREMISES IN ALBERT ROAD, BELVEDERE TO LET",Added on 14/11/2019,"by Hummerstone & Hawkins, Welling",https://www.rightmove.co.uk//property-to-rent/property-86621906.html
3bedroomsemi-detachedhouse,"£1,200 pcm","Broom Mead, Bexleyheath",Added on 14/12/2019,"by Parris Residential, Bexleyheath",https://www.rightmove.co.uk//property-to-rent/property-67065687.html
2bedroomterracedhouse,"£1,200 pcm","Rowan Road, Bexleyheath",Added yesterday,"by Parris Residential, Bexleyheath",https://www.rightmove.co.uk//property-to-rent/property-67309167.html
2bedroomsemi-detachedhouse,"£1,250 pcm","Grosvenor Road, Belvedere, DA17",Added on 04/12/2019,"by OpenRent, London",https://www.rightmove.co.uk//property-to-rent/property-76421398.html
3bedroomterracedhouse,"£1,250 pcm","Byron Drive, Erith, Kent",Reduced on 02/12/2019,"by Sealeys Estate Agents, Gravesend",https://www.rightmove.co.uk//property-to-rent/property-71678173.html
2bedroomsemi-detachedhouse,"£1,250 pcm","Rowan Road, Bexleyheath",Reduced on 24/10/2019,"by Chattertons, New Eltham",https://www.rightmove.co.uk//property-to-rent/property-65345421.html
2bedroomendofterracehouse,"£1,250 pcm","Bourne Rd , Bexley , DA5 1LU",Added on 23/12/2019,"by Hunters, Dartford",https://www.rightmove.co.uk//property-to-rent/property-76354966.html
2bedroomterracedhouse,"£1,275 pcm","Banks Lane, Bexleyheath, DA6",Added on 05/12/2019,"by Your Move , Bexleyheath",https://www.rightmove.co.uk//property-to-rent/property-66849759.html
2bedroomterracedhouse,"£1,275 pcm",Banks Lane Bexleyheath DA6,Added on 09/12/2019,"by Acorn, Bexleyheath",https://www.rightmove.co.uk//property-to-rent/property-66920454.html
3bedroomsemi-detachedhouse,"£1,300 pcm","Porthkerry Avenue, Welling, Kent, DA16",Added on 23/12/2019,"by Anthony James, South East",https://www.rightmove.co.uk//property-to-rent/property-67229478.html
3bedroomtownhouse,"£1,350 pcm","Dickens Close, Erith, Kent, DA8",Added on 09/12/2019,"by Robinson Jackson, Dartford Lettings",https://www.rightmove.co.uk//property-to-rent/property-87329645.html
3bedroomsemi-detachedhouse,"£1,350 pcm","Woodlands Road, Bexleyheath, Kent, DA7",Added on 21/12/2019,"by The Online Letting Agents Ltd, Bury St Edmunds",https://www.rightmove.co.uk//property-to-rent/property-76319794.html
3bedroomsemi-detachedhouse,"£1,400 pcm","Riverdale Road, Erith, DA8",Added on 26/12/2019,"by OpenRent, London",https://www.rightmove.co.uk//property-to-rent/property-76401115.html
3bedroomsemi-detachedhouse,"£1,400 pcm","Springfield Road, Bexleyheath",Added on 16/12/2019,"by Parris Residential, Bexleyheath",https://www.rightmove.co.uk//property-to-rent/property-67089879.html
3bedroomsemi-detachedhouse,"£1,450 pcm","Bedonwell Road, Bexleyheath",Added on 25/11/2019,"by Park Estates, Bexley",https://www.rightmove.co.uk//property-to-rent/property-66615501.html
3bedroomterracedhouse,"£1,450 pcm","Regency Way, Bexleyheath",Added on 21/12/2019,"by Parris Residential, Bexleyheath",https://www.rightmove.co.uk//property-to-rent/property-67205937.html
3bedroomterracedhouse,"£1,500 pcm","Church Road, Erith, Kent, DA8",Added on 18/12/2019,"by Robinson Jackson, Dartford Lettings",https://www.rightmove.co.uk//property-to-rent/property-87588602.html
3bedroomsemi-detachedhouse,"£1,500 pcm","Swanton Road, Erith, DA8",Added on 17/12/2019,"by Key Property Consultants, Penge",https://www.rightmove.co.uk//property-to-rent/property-87560870.html
4bedroomsemi-detachedhouse,"£1,500 pcm","Church Road, Bexleyheath, Kent, DA7",Added on 19/12/2019,"by The Online Letting Agents Ltd, Bury St Edmunds",https://www.rightmove.co.uk//property-to-rent/property-76273771.html
4bedroomtownhouse,"£1,600 pcm","Trinity Place, Bexleyheath, DA6 7AY",Reduced on 14/12/2019,"by Hunters, Bexleyheath",https://www.rightmove.co.uk//property-to-rent/property-76011733.html
3bedroomendofterracehouse,"£1,650 pcm","Storer Drive, Welling, DA16",Added on 29/11/2019,"by OpenRent, London",https://www.rightmove.co.uk//property-to-rent/property-75891100.html
3bedroomsemi-detachedhouse,"£1,700 pcm",Langdale Crescent Bexleyheath DA7,Reduced on 12/12/2019,"by Wards - Lettings, Dartford - Lettings",https://www.rightmove.co.uk//property-to-rent/property-66481116.html
4bedroomsemi-detachedhouse,"£1,750 pcm","Wrotham Road, Welling",Added on 17/12/2019,"by Anthony Martin Estate Agents, Bexleyheath",https://www.rightmove.co.uk//property-to-rent/property-76235347.html
Property,"","","","",https://www.rightmove.co.uk/
